userId,jobid,prediction
0,30,4.815526
0,12,4.7725954
0,6,4.686731
0,75,4.560486
0,16,4.4681764
0,99,4.401529
0,49,4.401529
0,61,4.349793
0,66,4.3057275
0,59,4.2594533
